original,new_basename,orientation,dimensions,original_kb,alt,recommended_usage,generated_widths,webp_sizes_kb,avif_sizes_kb
marahtattoo-43.jpg,marah-handpoke-tatouage-bras-rennes,portrait,1365×2048,452,Tatoueuse réalisant un tatouage handpoke à l’aiguille sur un avant-bras.,Détail technique / section handpoke,"480, 768, 1200, 1365","480w:17, 768w:33, 1200w:72, 1365w:96","480w:12, 768w:23, 1200w:57, 1365w:79"
marahtattoo-51.jpg,marah-materiel-handpoke-encre-rennes,portrait,1365×2048,565,Godets d’encre noire et aiguille de handpoke préparés pour une séance de tatouage.,Ambiance / matériel / méthode,"480, 768, 1200, 1365","480w:36, 768w:68, 1200w:126, 1365w:160","480w:21, 768w:39, 1200w:80, 1365w:104"
marahtattoo-54.jpg,marah-tatoueuse-handpoke-seance-rennes,portrait,1365×2048,405,Tatoueuse concentrée pendant une séance de tatouage handpoke sur un bras.,Portrait métier / présentation,"480, 768, 1200, 1365","480w:17, 768w:32, 1200w:65, 1365w:82","480w:13, 768w:26, 1200w:53, 1365w:70"
marahtattoo-55.jpg,marah-studio-tatouage-rennes,paysage,2048×1365,536,Vue d’ensemble d’un studio de tatouage pendant une séance.,Hero secondaire / studio / à propos,"640, 1280, 1920, 2048","640w:22, 1280w:65, 1920w:134, 2048w:162","640w:15, 1280w:43, 1920w:92, 2048w:108"
marahtattoo-59.jpg,marah-tatoueuse-studio-handpoke-rennes,portrait,1365×2048,586,Tatoueuse vue de dos à son poste de travail dans le studio.,Ambiance studio / à propos,"480, 768, 1200, 1365","480w:37, 768w:75, 1200w:153, 1365w:197","480w:24, 768w:49, 1200w:100, 1365w:127"
marahtattoo-67.jpg,marah-seance-tatouage-handpoke-rennes,portrait,1365×2048,511,Tatoueuse travaillant à la main sur un tatouage de bras.,Présentation / expérience de séance,"480, 768, 1200, 1365","480w:24, 768w:51, 1200w:102, 1365w:133","480w:16, 768w:34, 1200w:77, 1365w:102"
marahtattoo-69.jpg,marah-handpoke-geste-tatoueuse-rennes,portrait,1365×2048,502,Geste précis d’une tatoueuse réalisant un handpoke à l’aiguille.,Méthode / savoir-faire,"480, 768, 1200, 1365","480w:22, 768w:47, 1200w:99, 1365w:131","480w:16, 768w:34, 1200w:78, 1365w:104"
marahtattoo-74.jpg,marah-aiguille-handpoke-detail-rennes,paysage,2048×1365,420,Aiguille de handpoke en train de tracer un motif sur la peau.,Détail technique / bannière horizontale,"640, 1280, 1920, 2048","640w:12, 1280w:37, 1920w:74, 2048w:90","640w:10, 1280w:27, 1920w:60, 2048w:71"
marahtattoo-78.jpg,marah-handpoke-ombrage-aiguille-rennes,portrait,1365×2048,394,Travail d’ombrage au handpoke réalisé point par point à l’aiguille.,Technique / ombrage / dotwork,"480, 768, 1200, 1365","480w:11, 768w:21, 1200w:49, 1365w:69","480w:9, 768w:16, 1200w:41, 1365w:58"
marahtattoo-83.jpg,marah-handpoke-motif-organique-rennes,portrait,1365×2048,474,Détail d’un motif organique travaillé au handpoke sur la peau.,Style organique / détail portfolio,"480, 768, 1200, 1365","480w:20, 768w:40, 1200w:88, 1365w:120","480w:14, 768w:27, 1200w:64, 1365w:87"
